,mzp,mdh,mdm,gq,gx,exp,obs
0,1003.0,68.0,1196.0,0.25,1.6209787171057284,,
1,1008.0,80.0,982.0,0.25,0.5947714647018835,1.21572606441e+34,
2,1013.0,127.0,157.0,0.25,0.15847355911710329,39.0564641112,
3,1018.0,93.0,531.0,0.25,0.7848513898920881,16.18988323,15.0134042241
4,1023.0,127.0,283.0,0.25,1.3618145769257528,0.0241985200195,0.0201498507193
5,1028.0,87.0,249.0,0.25,0.7989282387705083,0.109507680412,0.0923683048933
6,102.0,63.0,954.0,0.25,0.1294031753052363,,
7,1033.0,109.0,1055.0,0.25,0.12712313455218593,,
8,1038.0,121.0,282.0,0.25,1.4990213409797262,0.0164000337822,0.0133053525983
9,1042.0,77.0,423.0,0.25,0.12757590594519574,2.22122196649e+33,
10,1047.0,153.0,367.0,0.25,1.598089288495817,0.0743938087882,0.0737611280371
11,1052.0,79.0,370.0,0.25,1.5588077784689887,0.0216328110352,0.0278766498269
12,1057.0,52.0,1172.0,0.25,0.329636146769121,,
13,1062.0,56.0,466.0,0.25,0.15960443232244012,1.18758090442e+31,
14,1067.0,114.0,117.0,0.25,0.2701263923216615,3.57215275998,2.97041142999
15,1072.0,100.0,487.0,0.25,1.0808204559647925,0.296226950096,0.311047020599
16,1077.0,135.0,1033.0,0.25,0.5760411541217466,2.03416519676e+46,
17,107.0,137.0,499.0,0.25,0.13456424582491427,5.36579404061e+76,
18,1082.0,146.0,509.0,0.25,0.4926228108044516,26.5644164967,34.557812796
19,1087.0,60.0,1113.0,0.25,1.1279305825740893,,
20,1092.0,154.0,228.0,0.25,0.21901154242103302,,
21,1097.0,143.0,922.0,0.25,0.6783918813796476,6.76632456221e+35,
22,1102.0,59.0,1047.0,0.25,0.6206959916212882,4.64252120258e+38,
23,1107.0,63.0,968.0,0.25,2.064305357835227,5.16309230623,8.40523715069
24,1112.0,80.0,244.0,0.25,0.10306817314806359,3.82221463101e+27,
25,1117.0,162.0,642.0,0.25,1.5097184129593453,,
26,1122.0,156.0,258.0,0.25,0.21591893607642676,,
27,1127.0,118.0,950.0,0.25,0.18204362103017344,,
28,1132.0,159.0,677.0,0.25,3.1403204618290252,3.31178913113,3.27918878714
29,1137.0,76.0,267.0,0.25,0.7104827310543155,0.214743005945,0.301903840307
30,1141.0,136.0,1187.0,0.25,0.26255148199354483,,
31,1146.0,86.0,785.0,0.25,0.1419353922691846,,
32,1151.0,111.0,846.0,0.25,1.1159639568704711,1327.77183908,3541104.50331
33,1156.0,60.0,124.0,0.25,1.9922014842301294,0.00445117496003,0.00749610548611
34,1161.0,169.0,977.0,0.25,2.1773836648180023,,
35,1166.0,67.0,357.0,0.25,1.9710654942531851,0.00859705803184,0.00796706983664
36,1171.0,137.0,1166.0,0.25,0.605439099535219,2.5814985347e+51,
37,1176.0,120.0,1031.0,0.25,0.1455121235452241,,
38,1181.0,71.0,1190.0,0.25,1.7158621783041828,31.0057254745,121312.114802
39,1186.0,107.0,1001.0,0.25,0.11924258112344062,,
40,1191.0,110.0,1159.0,0.25,0.28090001790472613,4.52770586433e+81,
41,1196.0,151.0,401.0,0.25,0.28797861798760355,,
42,1216.0,159.0,193.0,0.25,1.4313140394368522,0.182485103969,0.163541449928
43,1221.0,144.0,731.0,0.25,0.13172411015560326,,
44,1226.0,161.0,384.0,0.25,1.472609085337127,,
45,122.0,96.0,1003.0,0.25,0.11672582709362168,1.39838519237e+70,
46,1231.0,106.0,281.0,0.25,1.7716544273169232,0.0101347405039,0.0104053819956
47,1236.0,163.0,275.0,0.25,0.5539476997986177,16.056790701,11.9846262462
48,1240.0,99.0,611.0,0.25,0.15293825522760884,6.56754562409e+60,
49,1245.0,73.0,993.0,0.25,0.11105804069549344,,
50,1250.0,70.0,1096.0,0.25,0.16834722753220238,,
51,1255.0,111.0,469.0,0.25,0.35899835779604317,9.37267913283,9.66512527976
52,1260.0,88.0,583.0,0.25,0.11385667154619691,3.49362765732e+59,
53,1265.0,130.0,1010.0,0.25,1.9432325792123724,12.4805753951,14.2733016915
54,1270.0,117.0,730.0,0.25,1.5532755146448534,4.84411567027,4.90058345917
55,1280.0,78.0,1069.0,0.25,0.8161541254018286,1.0289130208e+27,
56,1285.0,144.0,1138.0,0.25,1.462174950568369,13926740227300.0,
57,1290.0,144.0,285.0,0.25,0.19615568274098025,,
58,1295.0,140.0,626.0,0.25,1.3142479193304808,1.3168696969,1.70679019674
59,1300.0,108.0,587.0,0.25,2.5825588486825892,0.0170938747088,0.0182290589254
60,1305.0,104.0,377.0,0.25,0.6273517949397911,0.586576920628,0.616597728415
61,1310.0,123.0,795.0,0.25,1.0505119845697486,39.1870006573,33.8993274488
62,1315.0,127.0,494.0,0.25,0.2588440592247573,,
63,1320.0,118.0,923.0,0.25,1.1897162482400094,,
64,1325.0,125.0,1044.0,0.25,1.3862396569430662,,
65,132.0,79.0,1056.0,0.25,1.7037044798414298,0.361915916746,0.527513811333
66,1330.0,54.0,907.0,0.25,2.1696560533404865,4.40974535984,8.55027589789
67,1335.0,105.0,371.0,0.25,0.44594429532465074,2.17297047391,2.29523068311
68,1339.0,107.0,131.0,0.25,0.10161277366235107,,
69,1344.0,95.0,1164.0,0.25,0.551981719860367,1.83396333119e+54,
70,1349.0,81.0,1120.0,0.25,1.8423144664876347,18.5161056614,26.6295170325
71,1354.0,108.0,209.0,0.25,0.2351518309756171,12.253731952,12.3117988708
72,1359.0,112.0,363.0,0.25,2.2007320311963565,0.00782480048672,0.00784521110622
73,1364.0,75.0,649.0,0.25,2.8326700823328603,,
74,1369.0,82.0,681.0,0.25,0.2025337979737346,1.0195773518e+53,
75,1374.0,64.0,754.0,0.25,1.6559290346156186,2.75091885004,3.63180623677
76,1379.0,68.0,714.0,0.25,0.2682124185385667,,
77,137.0,159.0,1183.0,0.25,0.1859687079474248,,
78,1389.0,158.0,809.0,0.25,0.167154407470512,,
79,1394.0,167.0,842.0,0.25,2.0279329865120164,,
80,1399.0,94.0,717.0,0.25,0.37067139659052095,1.12010436359e+36,
81,1404.0,153.0,710.0,0.25,2.13142743792939,1.91323285357,2.21051231075
82,1409.0,109.0,1191.0,0.25,0.590557226394444,9.76374389633e+51,
83,1414.0,55.0,421.0,0.25,0.12986406746423818,1.2702464878e+31,
84,1419.0,87.0,1072.0,0.25,0.13795522631951734,,
85,1424.0,58.0,582.0,0.25,0.14294824850148255,6.7118439725e+39,
86,1429.0,101.0,292.0,0.25,0.3564546839288207,3.59519608943,3.54357398383
87,142.0,127.0,422.0,0.25,0.2061663807831257,2.05950577959e+25,
88,1434.0,113.0,744.0,0.25,2.914395851693924,0.214147891362,0.22537545582
89,1438.0,161.0,203.0,0.25,0.9442325553558787,1.27081143959,1.06305280131
90,1443.0,101.0,981.0,0.25,2.7926706678181765,2.15813323977,2.48434389713
91,1448.0,141.0,554.0,0.25,0.18334269107297718,1.57005379519e+30,
92,1453.0,88.0,196.0,0.25,0.9818919929521547,,
93,1458.0,156.0,761.0,0.25,1.342584739291527,33.6286378058,36.664045709
94,1468.0,70.0,701.0,0.25,0.2720540242927788,2.37555308128e+29,
95,1473.0,78.0,866.0,0.25,0.12622240676817886,,
96,1478.0,87.0,526.0,0.25,0.17568504128248594,1.26997725837e+20,
97,147.0,150.0,231.0,0.25,0.2310085342094124,,
98,1483.0,68.0,657.0,0.25,2.863045169636015,0.0154437601898,0.0181503913614
99,1488.0,61.0,829.0,0.25,0.6141108021404623,2.52834345393e+21,
100,1493.0,94.0,832.0,0.25,0.2819004927030485,3.65180891431e+61,
101,1498.0,59.0,1141.0,0.25,0.1369777480207584,,
102,1503.0,97.0,1182.0,0.25,2.0790363175600857,20.1508019459,22.8278397336
103,1508.0,148.0,835.0,0.25,0.30483535258717875,2.6990070248e+67,
104,1513.0,66.0,656.0,0.25,3.052259292776062,0.0114848400612,0.0131269404788
105,1518.0,83.0,1130.0,0.25,0.8249058515440748,2.52485968956e+29,
106,151.0,165.0,440.0,0.25,2.70472497428614,,
107,1523.0,57.0,1093.0,0.25,0.2644250591231439,,
108,1528.0,65.0,478.0,0.25,1.2910913096984775,0.0708864553178,0.0934819156507
109,1533.0,60.0,564.0,0.25,1.797029828946499,0.0337846623093,0.0591743496575
110,1537.0,105.0,638.0,0.25,3.23092229625512,0.00866672742591,0.00981486590646
111,1542.0,108.0,1176.0,0.25,0.331988442558832,6.38862400394e+76,
112,1547.0,151.0,1014.0,0.25,2.5733932561768205,11.1749227817,13.7211595952
113,1552.0,153.0,1155.0,0.25,0.26069118004774333,,
114,1557.0,74.0,915.0,0.25,3.371749718239384,0.506713418137,0.818201589265
115,1562.0,100.0,823.0,0.25,0.5251794725622542,1.03393982265e+27,
116,1567.0,117.0,381.0,0.25,0.1064194942822868,2.12345047661e+35,
117,156.0,157.0,748.0,0.25,2.0864411709169177,0.712307335803,0.745467237244
118,1572.0,143.0,1161.0,0.25,0.18530869843912653,,
119,1577.0,66.0,720.0,0.25,1.2548864027572448,0.581519237567,0.75305906507
120,1582.0,121.0,303.0,0.25,0.5403315005783234,0.939061645047,0.789438906793
121,1587.0,67.0,1171.0,0.25,0.6593683508589644,,
122,1597.0,161.0,153.0,0.25,1.295689758382537,,
123,1602.0,135.0,530.0,0.25,0.17506152887014503,3.81752798523e+25,
124,1607.0,138.0,519.0,0.25,1.3911769931937064,0.118777170251,0.174593411408
125,1612.0,110.0,758.0,0.25,3.2655678935064723,0.0242366504928,0.0273874945205
126,1617.0,162.0,129.0,0.25,3.0306325860504777,,
127,161.0,161.0,140.0,0.25,0.12138127873672785,3.80754082682e+80,
128,1622.0,56.0,718.0,0.25,0.33554839752473414,30082841416.2,
129,1627.0,116.0,132.0,0.25,0.1150775713466475,,
130,1636.0,118.0,1052.0,0.25,1.592417613206149,29.2343642544,30.9200179631
131,1641.0,107.0,223.0,0.25,0.3746461538707431,2.63331989701,2.86854889416
132,1646.0,102.0,197.0,0.25,1.957099559090984,0.00821349116762,0.00901285508739
133,1651.0,100.0,576.0,0.25,0.30053085002512175,36.459043343,310.525321623
134,1656.0,92.0,1152.0,0.25,0.35017407138545514,1.70321361861e+75,
135,1661.0,129.0,445.0,0.25,0.5618818912229903,2.03156328992,2.10725212766
136,1666.0,89.0,307.0,0.25,2.7532360748729023,0.00512291152836,0.00532113126906
137,166.0,106.0,123.0,0.25,0.19476582656682223,4.74220623716e+23,
138,1671.0,166.0,1147.0,0.25,0.8731914468646054,4.03692060765e+73,
139,1676.0,88.0,534.0,0.25,2.6195488321730953,0.0131621288916,0.0135482830544
140,1681.0,55.0,431.0,0.25,0.5441873262403946,2.02836148047,4.64498196424
141,1686.0,113.0,643.0,0.25,0.9015837707092944,0.676161494692,0.72741025142
142,1691.0,115.0,862.0,0.25,0.43808690570084774,,
143,1696.0,100.0,444.0,0.25,0.8219782315617721,0.400613001489,0.41777919444
144,1701.0,129.0,548.0,0.25,3.493783667835554,0.0075685245992,0.00787220987584
145,1706.0,99.0,636.0,0.25,0.1607433754809835,,
146,1711.0,72.0,567.0,0.25,0.21136171459258438,,
147,1716.0,85.0,607.0,0.25,0.20763759173571517,,
148,1721.0,151.0,1198.0,0.25,0.11881938499434912,,
149,1726.0,169.0,412.0,0.25,2.77288326978912,,
150,1731.0,112.0,1040.0,0.25,0.4123928392924207,1.66520702035e+57,
151,1735.0,144.0,288.0,0.25,0.31140798197998415,15.3855918465,19.2865264395
152,1740.0,106.0,154.0,0.25,2.013564118158586,0.00746814877652,0.00837808291289
153,1745.0,93.0,704.0,0.25,0.302675449335972,,
154,1755.0,147.0,170.0,0.25,2.935193088764812,0.00763548236521,0.0104571522237
155,1760.0,119.0,614.0,0.25,0.11839769080325652,7.23726632508e+46,
156,1765.0,129.0,563.0,0.25,0.20397908668044157,1.08646756634e+20,
157,176.0,75.0,571.0,0.25,0.24980292620684746,2.98442973403e+25,
158,1770.0,59.0,938.0,0.25,0.23018867676802304,,
159,1775.0,82.0,1051.0,0.25,1.054253567691521,42344929435600.0,
160,1780.0,128.0,941.0,0.25,0.10089279890110785,,
161,1785.0,136.0,615.0,0.25,0.3092015085279329,215515.195057,
162,1790.0,91.0,1067.0,0.25,0.17015243660523488,,
163,1795.0,125.0,1038.0,0.25,0.8951956214967344,,
164,1800.0,141.0,875.0,0.25,0.17258952950017814,1.19530312353e+69,
165,1805.0,123.0,1085.0,0.25,0.47880863446515853,2.93144572432e+54,
166,1810.0,138.0,768.0,0.25,1.1199386586985913,1.08312930527,1.55097772235
167,1815.0,129.0,856.0,0.25,0.6688124819868485,22.4925342299,25.6421449725
168,181.0,152.0,492.0,0.25,0.10604180774098729,4.77152770269e+78,
169,1820.0,138.0,864.0,0.25,0.10380367146075078,,
170,1825.0,132.0,180.0,0.25,2.5012299144648877,0.00753300178411,0.0107591569648
171,1830.0,52.0,387.0,0.25,0.6546964129335366,1.2982907756,2.41483998207
172,1834.0,105.0,522.0,0.25,1.2638413187478117,0.123790063142,0.137512655116
173,1839.0,109.0,184.0,0.25,1.632546081452242,0.0172280213453,0.0192582843247
174,1844.0,142.0,238.0,0.25,3.0740403284842994,0.00727507302604,0.0103361044155
175,1849.0,99.0,647.0,0.25,0.3284662564496811,36.727937942,40.1870087696
176,1854.0,108.0,889.0,0.25,0.6905593058341568,22.8757021831,26.1025001771
177,1859.0,114.0,201.0,0.25,2.6570686230983203,0.00530960169922,0.00573525381313
178,1864.0,116.0,752.0,0.25,1.7342615901492955,0.120043763448,0.123614798239
179,1869.0,143.0,334.0,0.25,0.176310774443902,1.46772868883e+18,
180,1874.0,166.0,475.0,0.25,0.6119313012285351,,
181,1879.0,55.0,516.0,0.25,0.34278323837098773,,
182,1884.0,88.0,346.0,0.25,0.6477505006193252,0.692037201131,0.703304407876
183,1889.0,168.0,1103.0,0.25,0.27595065335594576,,
184,1899.0,153.0,1078.0,0.25,0.555920681920054,8.0123257052e+60,
185,1904.0,65.0,660.0,0.25,0.5658915012733239,3.70821189191,4.92416380679
186,1909.0,168.0,712.0,0.25,0.1360071956199885,,
187,1914.0,146.0,301.0,0.25,2.2243307651242388,0.026291560457,0.036929848936
188,1919.0,149.0,113.0,0.25,0.9275954929229826,0.269595298533,0.364159597587
189,191.0,58.0,900.0,0.25,0.18465103132786834,,
190,1924.0,157.0,715.0,0.25,0.4539426126294614,,
191,1929.0,115.0,482.0,0.25,0.2597659778486204,,
192,1933.0,87.0,552.0,0.25,0.43343908241529183,8.33721442909,8.37093326684
193,1938.0,57.0,613.0,0.25,1.603781164454156,0.0816935895526,0.189940251071
194,1943.0,86.0,675.0,0.25,0.3882057456786827,19.1470444849,20.6722940139
195,1948.0,96.0,190.0,0.25,0.6881084864843591,0.404536251845,0.404782443213
196,1953.0,166.0,137.0,0.25,1.5867660668922674,0.831723647663,0.700597425763
197,1958.0,132.0,372.0,0.25,0.8397011047100367,0.456370319571,0.600060437315
198,1963.0,106.0,194.0,0.25,0.9611680149333369,0.110641283512,0.121642316281
199,1968.0,136.0,1017.0,0.25,1.0030628057160447,1708262753.88,
200,196.0,69.0,240.0,0.25,0.4138616488916448,16.3130516045,21.1598385954
201,1973.0,129.0,345.0,0.25,0.21515263215140099,1452400.93968,3777197610240.0
202,1978.0,88.0,525.0,0.25,1.0320023140710384,0.284608874209,0.295016860782
203,1983.0,152.0,579.0,0.25,0.7574374100752126,4.22835099706,4.78634519697
204,1988.0,167.0,1151.0,0.25,2.5551595427525853,,
205,1993.0,149.0,840.0,0.25,0.12224746005124898,4.64210546769e+72,
206,1998.0,118.0,402.0,0.25,0.3192553740289226,15.4025638177,14.0382053283
207,2003.0,83.0,553.0,0.25,3.0631304508598016,0.0113128832662,0.0141071631147
208,2008.0,155.0,550.0,0.25,1.300304585250031,0.754432042496,0.795663176824
209,2013.0,73.0,882.0,0.25,1.8227686823858258,0.195687923532,0.335587276777
210,2018.0,150.0,1022.0,0.25,0.4996786460075871,,
211,201.0,131.0,659.0,0.25,0.6930188542079426,22.786004922,29.1390296024
212,2023.0,154.0,1100.0,0.25,0.7655595092922038,,
213,2028.0,70.0,581.0,0.25,0.3854551235965908,14.5340305359,21.5257750656
214,2032.0,153.0,1081.0,0.25,0.29946425543110217,,
215,2037.0,61.0,291.0,0.25,2.9456472949817534,0.00626395735114,0.0106052433781
216,2042.0,136.0,632.0,0.25,0.1556813079052174,2.28688762047e+38,
217,2047.0,145.0,894.0,0.25,1.2865091810711002,1.62764036597,2.26730516189
218,2052.0,53.0,1135.0,0.25,0.801773762151105,3.33152229159e+31,
219,2057.0,110.0,759.0,0.25,0.8103712858001223,1.9883523608,2.12673424848
220,2062.0,102.0,165.0,0.25,0.725801622520071,0.311959536368,0.369601602166
221,2067.0,82.0,880.0,0.25,0.13993115865755143,1.13990993816e+55,
222,206.0,89.0,256.0,0.25,0.7155527622183797,2.55121083545,2.72113313893
223,2072.0,159.0,415.0,0.25,0.5699297240499382,,
224,2077.0,133.0,1149.0,0.25,2.2322531102000394,9.80422819664,14.2167715405
225,2087.0,84.0,919.0,0.25,0.16656117057865982,,
226,2092.0,161.0,852.0,0.25,0.7932674527568263,,
227,2097.0,116.0,906.0,0.25,0.22855768066759521,3.55842271752e+35,
228,2102.0,120.0,277.0,0.25,0.2634866052553946,25.2772555706,23.8622962883
229,2107.0,105.0,1080.0,0.25,0.19201558781550065,,
230,2112.0,137.0,786.0,0.25,0.9080175059919625,2.11487900087,3.08834746252
231,2117.0,72.0,896.0,0.25,0.19269948508943968,1.5021690432e+41,
232,211.0,69.0,1043.0,0.25,3.395810649493167,0.0519209023664,0.0767181615673
233,2122.0,130.0,930.0,0.25,0.15735069868552173,2.7019486734e+56,
234,2127.0,104.0,326.0,0.25,2.9878377933186315,0.00736889854212,0.00905553998608
235,2131.0,67.0,1148.0,0.25,0.5122704049238896,,
236,2136.0,124.0,356.0,0.25,0.12181359950078505,,
237,2146.0,94.0,934.0,0.25,2.37977918465832,0.122600017506,0.13324128605
238,2151.0,72.0,1119.0,0.25,0.44121311013536746,7.12250577678e+45,
239,2156.0,167.0,108.0,0.25,0.4555594090512204,,
240,2161.0,165.0,653.0,0.25,2.2885052499070047,,
241,2166.0,155.0,671.0,0.25,3.4444488363541237,0.0768851851716,0.0854971127902
242,216.0,111.0,1032.0,0.25,0.21979159053341255,,
243,2171.0,82.0,594.0,0.25,1.4937012613324105,0.11050457794,0.143913089574
244,2176.0,150.0,943.0,0.25,0.12399841009498518,1.73711205482e+80,
245,2181.0,150.0,631.0,0.25,0.9749348218435157,1.64251263863,2.15281044068
246,2186.0,150.0,830.0,0.25,0.10454441831672195,1.28484032869e+80,
247,2191.0,147.0,890.0,0.25,0.3415666885594243,4.2473286692e+22,
248,2206.0,58.0,971.0,0.25,0.12355833536101596,6.77789295727e+71,
249,2211.0,92.0,181.0,0.25,0.12268286587233966,8.14255351392e+31,
250,2216.0,104.0,627.0,0.25,0.3773196427433055,22.2831536888,25.8964137347
251,2226.0,106.0,824.0,0.25,0.11797749321973189,,
252,2230.0,99.0,884.0,0.25,0.2730229925296531,3.53132055331e+24,
253,2235.0,162.0,257.0,0.25,1.0138187777878365,4.21210524672,3.96307479079
254,2240.0,78.0,645.0,0.25,2.4746934567719086,0.0344134142947,0.0571203716833
255,2245.0,160.0,171.0,0.25,0.22533027573026884,,
256,2250.0,141.0,456.0,0.25,2.4397489392329392,0.0327099577396,0.0503336724471
257,2255.0,127.0,511.0,0.25,0.139434538036585,,
258,2265.0,96.0,284.0,0.25,0.2789097078675629,25.3846485795,27.7054121016
259,226.0,169.0,278.0,0.25,3.3005849999737245,0.90695888185,0.724518505708
260,2270.0,142.0,885.0,0.25,0.3343575244186889,9.64780688193e+19,
261,2275.0,106.0,521.0,0.25,0.2213600314889724,148509998269000.0,
262,2280.0,124.0,913.0,0.25,0.5196076525651103,27.0723567762,26.3201832909
263,2285.0,163.0,651.0,0.25,1.09630104446822,,
264,2290.0,113.0,359.0,0.25,0.8888527353553247,0.36344238171,0.416978996795
265,2295.0,78.0,218.0,0.25,1.848876193354205,0.0249752358539,0.0406249153997
266,2300.0,59.0,1195.0,0.25,0.12444005223248818,,
267,2305.0,160.0,911.0,0.25,0.5719596289605183,3.02024765835e+19,1.39843778489e+36
268,2310.0,167.0,828.0,0.25,2.7240259921863266,1.85080302992,1.48801992727
269,2315.0,89.0,404.0,0.25,0.16538100557875296,2.14249564346e+21,
270,2320.0,54.0,426.0,0.25,0.1163115630134112,,
271,2325.0,74.0,1025.0,0.25,2.192921555542481,0.189497767164,0.326421603526
272,2334.0,94.0,149.0,0.25,0.15077865298372048,6.90673433786e+22,
273,2339.0,126.0,803.0,0.25,1.8954673444446486,0.137616662664,0.143174969247
274,2344.0,98.0,484.0,0.25,0.1630457024185799,,
275,2349.0,91.0,905.0,0.25,0.1677497572798505,7.78165386985e+47,
276,2354.0,77.0,1168.0,0.25,0.11027114173139692,,
277,2359.0,123.0,150.0,0.25,0.2663120061687454,,
278,2364.0,79.0,604.0,0.25,0.2849233481107654,170730428.62,
279,2369.0,134.0,214.0,0.25,0.3215335922387018,18.4161446338,28.5052911533
280,236.0,132.0,1111.0,0.25,0.1807537555156017,5.76330817036e+71,
281,2374.0,56.0,295.0,0.25,0.1312566166394392,3.09786434597e+33,
282,2379.0,98.0,400.0,0.25,1.5150955405081277,0.0817865884066,0.0974980252012
283,2384.0,150.0,1118.0,0.25,0.41681498099357767,,
284,2389.0,164.0,1011.0,0.25,1.5204918196420203,22.8720845156,20.0835547127
285,2394.0,92.0,697.0,0.25,0.1695485596021677,5.78859057512e+37,
286,2399.0,74.0,305.0,0.25,0.15239547196182784,6.99020252695e+24,
287,2404.0,130.0,736.0,0.25,0.2829045308682569,7.57858568427e+16,
288,2409.0,110.0,1059.0,0.25,0.24453054351210507,7.46043146236e+41,
289,2414.0,147.0,385.0,0.25,1.5259073185727565,0.162957755483,0.240807822283
290,2419.0,62.0,112.0,0.25,0.12848629234961412,6.37442718592e+26,
291,241.0,60.0,1139.0,0.25,2.8528841212773783,0.221379940324,0.40490233495
292,2424.0,140.0,1188.0,0.25,0.36284794357299466,,
293,2428.0,53.0,344.0,0.25,0.9408814406900943,0.44672951825,0.786884553865
294,2433.0,57.0,532.0,0.25,1.0102206991625857,0.503533468909,1.04762535827
295,2438.0,131.0,984.0,0.25,0.7792903450383508,9.22950915221,11.8805654147
296,2443.0,164.0,520.0,0.25,1.177094115942017,8.58025396076,7.42257716307
297,2448.0,80.0,1029.0,0.25,0.911251569976567,4.66068509114,7.52968716051
298,2453.0,123.0,693.0,0.25,1.356981448926799,0.327310107358,0.296023071506
299,2458.0,170.0,500.0,0.25,0.20911930130431947,5.29964651203e+63,
300,2463.0,152.0,871.0,0.25,0.4943773735523107,274162312513.0,
301,2468.0,115.0,676.0,0.25,0.13504352004393105,,
302,246.0,168.0,261.0,0.25,0.7388193732528964,,
303,2473.0,71.0,1169.0,0.25,1.8034302666150521,1.47999279641,2.33069313504
304,2478.0,154.0,227.0,0.25,0.6229067095189545,5.64465213207,6.54577950748
305,2483.0,69.0,451.0,0.25,0.18139754179388098,2.16958893336e+23,
306,2488.0,56.0,998.0,0.25,0.3641402903157101,,
307,2493.0,145.0,719.0,0.25,0.13649160915838301,1.29686522842e+54,
308,2498.0,132.0,1160.0,0.25,2.329551163789937,0.556428547241,0.764455205759
309,2503.0,114.0,1063.0,0.25,0.1389396799397307,4.15946454243e+66,
310,2508.0,122.0,315.0,0.25,0.6759842446486906,1.17593746198,1.20871537751
311,250.0,74.0,877.0,0.25,0.8367209758520466,11.8751738924,20.7360231457
312,2513.0,57.0,827.0,0.25,0.149178987426081,,
313,2518.0,152.0,549.0,0.25,1.0580084771193818,,
314,2523.0,91.0,392.0,0.25,0.19967386967184333,1.41354090346e+19,
315,2527.0,76.0,728.0,0.25,0.776524616098643,2.29265849009,3.9132058901
316,2532.0,137.0,711.0,0.25,0.7682861840762646,3.81806956746,5.54794420144
317,2537.0,143.0,1185.0,0.25,0.30810414146085463,9.06024048689e+48,
318,2542.0,78.0,477.0,0.25,0.16017289156794046,4.91867869302e+30,
319,2547.0,103.0,618.0,0.25,0.6363373530227755,3.6534011593,4.42739291306
320,2552.0,59.0,1074.0,0.25,0.39236852604979655,1.43416127748e+17,
321,2557.0,102.0,319.0,0.25,0.48739639627058184,3.86958047954,4.57575715822
322,255.0,64.0,813.0,0.25,0.1444811010405576,,
323,2562.0,65.0,147.0,0.25,0.14864954593441157,1.22055138445e+22,
324,2567.0,84.0,428.0,0.25,0.9888988106922918,0.362998475332,0.503083477488
325,2572.0,51.0,1005.0,0.25,0.28695657170811795,4.04833506359e+31,
326,2577.0,73.0,135.0,0.25,0.9853891739098156,0.208248731644,0.35647232108
327,2582.0,88.0,1108.0,0.25,2.161955867428853,0.270542310649,0.347759127145
328,2587.0,154.0,1006.0,0.25,1.7528583012650196,1.92193666849,2.12246896315
329,2592.0,125.0,560.0,0.25,0.3379428833554843,34.7681253075,35.4154314834
330,2602.0,58.0,961.0,0.25,2.8732424083547796,0.0746511748857,0.145469025737
331,2607.0,83.0,773.0,0.25,1.9022183846307799,0.131060677688,0.17374428466
332,260.0,52.0,467.0,0.25,0.12488326735610826,,
333,2612.0,134.0,1054.0,0.25,2.27229010331155,0.256987817943,0.375853005867
334,2617.0,76.0,1115.0,0.25,0.9577567957237719,5.97975317574,10.2929132885
335,2622.0,154.0,517.0,0.25,0.3786635329868608,81363075295.3,
336,2626.0,64.0,985.0,0.25,0.4109292425503061,232794795.617,
337,2631.0,103.0,537.0,0.25,0.25158552916872906,4515707484150.0,
338,2641.0,71.0,159.0,0.25,0.10417338648620532,,
339,2646.0,51.0,1071.0,0.25,0.6184931196394678,224.637761638,
340,2651.0,105.0,116.0,0.25,0.2962871302500661,19.4530296141,23.3652313662
341,2656.0,127.0,167.0,0.25,0.8794225734695098,0.461405093609,0.521588925017
342,265.0,135.0,515.0,0.25,0.3308102038586099,3.24829615348e+23,
343,2661.0,77.0,198.0,0.25,0.5327016167447731,2.50293076689,4.0724163558
344,2666.0,121.0,311.0,0.25,0.3551896136744369,16.6900294318,16.8081051493
345,2671.0,117.0,189.0,0.25,0.31251711625591394,22.8870954615,25.7057293449
346,2676.0,150.0,1107.0,0.25,3.3837587976424794,0.208760107115,0.287407811538
347,2681.0,117.0,836.0,0.25,0.5032443713891406,25.3070250971,26.2121498869
348,2686.0,140.0,974.0,0.25,1.488400062835537,1.07810444021,1.62253167545
349,2691.0,74.0,630.0,0.25,0.10566546162255333,1.76329420553e+54,
350,2696.0,138.0,461.0,0.25,0.15402962829874728,,
351,2701.0,126.0,433.0,0.25,2.893745972925099,0.0244178618995,0.0269284353822
352,2706.0,93.0,266.0,0.25,0.7004501849268256,1.35456864751,1.69366474107
353,270.0,151.0,787.0,0.25,0.21668796932760417,1.42829054746e+64,
354,2711.0,80.0,921.0,0.25,2.3882551866094155,0.111544013702,0.161298242305
355,2716.0,120.0,799.0,0.25,1.1239275171260592,0.994184676199,0.960748463454
356,2721.0,86.0,746.0,0.25,0.2069006785940458,1.46306226139e+30,
357,2730.0,108.0,917.0,0.25,0.11145359343235581,9.06106948795e+68,
358,2735.0,152.0,965.0,0.25,0.7054486234690032,34.8870737749,754.560285208
359,2740.0,75.0,713.0,0.25,2.4835075125898514,0.0599039753945,0.100177606587
360,2745.0,84.0,992.0,0.25,0.2672605231985766,1.35616676254e+28,
361,2750.0,169.0,105.0,0.25,0.2098641164608237,1.90387142142e+56,
362,275.0,75.0,544.0,0.25,0.17136665071421092,6.7499870051e+49,
363,2760.0,116.0,495.0,0.25,0.47037218615608234,10.239200006,11.5626206245
364,2765.0,82.0,323.0,0.25,1.1854939032837957,0.18354844382,0.268214418706
365,2775.0,78.0,1091.0,0.25,0.9144971526486286,6.67128366669,10.4019389538
366,2780.0,69.0,637.0,0.25,0.3226787906557343,8645288.38109,
367,2785.0,121.0,1082.0,0.25,0.10529045116977691,1.46575933912e+77,
368,2790.0,148.0,191.0,0.25,0.4065695447885442,18.8648186136,26.9715973553
369,2795.0,77.0,172.0,0.25,0.2570100261300714,71.7859873028,
370,2800.0,107.0,723.0,0.25,3.0959767944725396,0.0405667414757,0.0488206636673
371,2805.0,81.0,555.0,0.25,2.6102519609103516,0.0355573395557,0.0531172540788
372,2810.0,95.0,702.0,0.25,2.676029563505942,0.0605190631355,0.0751156226983
373,2815.0,119.0,1008.0,0.25,1.7097725228717733,0.512209029945,0.511657775842
374,2820.0,126.0,909.0,0.25,0.11755878693226211,1.94313127939e+66,
375,2824.0,122.0,383.0,0.25,3.3241380971541115,0.0210505499197,0.0227675446652
376,2829.0,85.0,623.0,0.25,1.6677458057263268,0.153339039802,0.200116894958
377,2834.0,146.0,1136.0,0.25,3.3597832594829504,0.176494260051,0.23873240236
378,2839.0,79.0,399.0,0.25,0.283912145091909,63231.0898158,
379,2844.0,99.0,486.0,0.25,1.1563541105426673,0.416644752031,0.498816228484
380,2849.0,104.0,213.0,0.25,0.8278438987596449,0.704565553757,0.864934326761
381,2854.0,122.0,1140.0,0.25,0.5739967637343114,95477.4732075,75532836.1283
382,2859.0,125.0,699.0,0.25,0.49087447506171217,19.4614502196,19.6919613449
383,285.0,131.0,514.0,0.25,1.9089934698334239,0.463968950335,0.587516121726
384,2864.0,92.0,340.0,0.25,2.185138799542372,0.0478085483036,0.0647391565488
385,2869.0,141.0,1086.0,0.25,0.10343526856697076,6.85472547941e+86,
386,2874.0,126.0,347.0,0.25,0.29734240895418845,,
387,2879.0,78.0,395.0,0.25,0.5679070233435318,3.54906310315,5.90511165043
388,2884.0,85.0,369.0,0.25,0.11185055499983197,2.14435253676e+48,
389,2889.0,128.0,274.0,0.25,2.0064179080341997,0.0579333226912,0.0668580070754
390,2894.0,104.0,361.0,0.25,2.280383264001954,0.0437046593042,0.0553596490847
391,2899.0,140.0,247.0,0.25,1.3378198586650565,0.238399337739,0.363727894768
392,2904.0,91.0,978.0,0.25,0.7547492379729908,10.9716497543,12.1884315623
393,2909.0,116.0,725.0,0.25,1.035677971747175,1.41387586871,1.55489056025
394,290.0,66.0,448.0,0.25,0.876301471716918,3.4178593268,4.10138766563
395,2914.0,115.0,547.0,0.25,3.0414267168160594,,
396,2919.0,66.0,664.0,0.25,0.19065506618018124,,
397,2923.0,71.0,935.0,0.25,0.46044443145746855,8343.5197592,
398,2928.0,50.0,1000.0,0.25,1.6267521177882132,1.34825569222,2.7920580978
399,2933.0,79.0,572.0,0.25,0.9375422192485363,1.06687239541,1.71830485354
400,2938.0,74.0,818.0,0.25,1.1812865435788606,1.15768725464,1.92935664461
401,2943.0,118.0,644.0,0.25,0.5638831323620812,10.0572183145,10.7178930165
402,2948.0,166.0,248.0,0.25,0.2691677042211612,5.27588587827e+48,
403,2953.0,131.0,405.0,0.25,0.7494014811622793,2.08724905676,2.79973671864
404,2958.0,103.0,1174.0,0.25,0.16479406255280707,1.00995661897e+64,
405,295.0,68.0,391.0,0.25,0.8547617209060155,3.31662074201,4.54600050237
406,2963.0,50.0,1065.0,0.25,0.5177635466665284,9956665774690.0,3.0827955759e+110
407,2968.0,124.0,1075.0,0.25,0.3539290331990368,,
408,2973.0,84.0,523.0,0.25,1.5043603690260192,0.189477278245,0.268974013005
409,2978.0,137.0,1064.0,0.25,0.4008284795467884,9.16746386795e+21,
410,2983.0,167.0,603.0,0.25,1.615225806426038,9.24410520602,8.07868313376
411,2988.0,60.0,335.0,0.25,0.7737687028285588,1.28749472159,2.30462034345
412,2993.0,94.0,670.0,0.25,0.42884056957707545,34.71767583,168.46943342
413,2998.0,108.0,865.0,0.25,1.9992970600617723,0.210625614708,0.252609730732
414,3003.0,124.0,393.0,0.25,0.24627552255520177,,
415,3008.0,62.0,937.0,0.25,2.6476385927733155,0.110349505542,0.176218072006
416,300.0,112.0,183.0,0.25,0.21823426272693625,,
417,3013.0,125.0,972.0,0.25,0.5233155920778441,,
418,3018.0,163.0,513.0,0.25,0.2921033349637198,5.98929978502e+49,
419,3022.0,70.0,273.0,0.25,1.2024737292935428,0.256991852058,0.408972489804
420,3027.0,52.0,503.0,0.25,0.1562357942533879,2.20161226767e+40,
421,3032.0,115.0,1162.0,0.25,0.1893041844868125,,
422,3037.0,144.0,152.0,0.25,0.21438904786605192,3.35895734787e+23,
423,3042.0,85.0,674.0,0.25,0.7876467761005781,3.05303536382,4.06906859691
424,3047.0,159.0,747.0,0.25,0.20325515770234084,,
425,3057.0,72.0,297.0,0.25,0.3680450136994609,18.999987663,33.0982455477
426,305.0,148.0,211.0,0.25,0.5104523391761556,,
427,3062.0,155.0,512.0,0.25,0.1886323372545498,,
428,3067.0,153.0,928.0,0.25,0.29523559676731076,3.37462997924e+41,
429,3072.0,68.0,348.0,0.25,3.4690285512156307,0.0177375898301,0.0274498972123
430,3077.0,53.0,204.0,0.25,0.85172814138958,0.991427336397,1.50658746867
431,3082.0,166.0,847.0,0.25,2.8026172553762936,3.94000542765,3.42264013653
432,3087.0,164.0,843.0,0.25,3.335977599398194,,
433,3092.0,91.0,173.0,0.25,0.559887752559336,4.1114624659,5.60789808066
434,3097.0,60.0,794.0,0.25,0.3203924581712713,5111674330270000.0,
435,3102.0,150.0,729.0,0.25,0.12894391886877393,9.68214264136e+67,
436,3107.0,61.0,481.0,0.25,2.714358327795161,0.0419591009461,0.0729062815628
437,3112.0,76.0,927.0,0.25,0.12009350061233817,,
438,3117.0,94.0,541.0,0.25,0.5579006911641825,9.31744896831,11.3922604037
439,3121.0,62.0,802.0,0.25,0.8920185406399811,2.96079663402,4.98814063705
440,3126.0,64.0,874.0,0.25,0.995955629344134,2.42556165404,3.8999902887
441,3131.0,123.0,1092.0,0.25,0.8700924596002628,9.58248991415,8.99054824814
442,3136.0,148.0,949.0,0.25,0.6386037803789547,349.729272384,
443,3141.0,86.0,951.0,0.25,0.14603039055546954,1.02906151311e+57,
444,3146.0,85.0,455.0,0.25,1.1120033613994258,0.499120100392,0.705815865932
445,3156.0,132.0,390.0,0.25,1.5811345781157244,0.248367431395,0.356512465766
446,315.0,136.0,904.0,0.25,1.5477628850202911,3.90552630541,5.55687739315
447,3161.0,56.0,1124.0,0.25,0.27108849495837695,8.35160076268e+39,
448,3166.0,163.0,270.0,0.25,0.1618904461802193,7.99451611579e+73,
449,3171.0,143.0,410.0,0.25,1.2773936525101268,0.654426991497,0.941891381755
450,3176.0,121.0,742.0,0.25,0.7520706062884399,5.80444856209,5.72261865156
451,3181.0,87.0,784.0,0.25,0.14092971260433715,3.11419141241e+53,
452,3186.0,164.0,1197.0,0.25,2.842759134837999,8.42409527467,7.33618277866
453,3191.0,66.0,1133.0,0.25,0.15791113086244912,1.24829034981e+61,
454,3196.0,133.0,225.0,0.25,0.6162980657280622,4.52736259501,6.52821635676
455,3201.0,132.0,302.0,0.25,2.528050926022495,0.060461250134,0.0853996766386
456,3206.0,157.0,898.0,0.25,0.143968332513483,,
457,320.0,62.0,439.0,0.25,0.22613282912221502,,
458,3211.0,103.0,970.0,0.25,0.27990309382677486,4.8872279995e+30,
459,3216.0,94.0,497.0,0.25,2.5101384845422348,0.0809105320771,0.111717805885
460,3220.0,118.0,396.0,0.25,0.20109874982393836,3.70295944418e+27,
461,3225.0,103.0,416.0,0.25,0.4961381854838631,10.6328615618,13.4837288804
462,3230.0,127.0,845.0,0.25,0.25792541252262957,,
463,3245.0,160.0,1184.0,0.25,1.569931488687667,17.01951051,16.3475290244
464,3250.0,96.0,609.0,0.25,1.8554612909646175,0.212616909026,0.270706952678
465,3255.0,151.0,352.0,0.25,0.24022199696169758,,
466,325.0,85.0,1049.0,0.25,0.1336107942334677,2.43785507504e+85,
467,3260.0,134.0,682.0,0.25,0.10948981832018982,,
468,3265.0,88.0,883.0,0.25,1.4211724996809165,0.880521014525,1.21067891849
469,3270.0,53.0,695.0,0.25,0.5968898478391792,15.0088458499,27.4491358903
470,3275.0,73.0,533.0,0.25,0.24366269598243911,1.47253315978e+21,
471,3280.0,54.0,586.0,0.25,0.38958840869170963,16304.4100998,
472,3285.0,78.0,219.0,0.25,0.9342148488217333,0.770687699204,1.29785080342
473,3295.0,114.0,574.0,0.25,0.18011225405754644,,
474,3300.0,142.0,1110.0,0.25,2.904052557952232,0.356671496753,0.513293887345
475,3305.0,72.0,1089.0,0.25,3.2080296772958996,0.143085744913,0.233581286724
476,330.0,124.0,138.0,0.25,0.5289271727894872,0.50426361096,0.340933601964
477,3315.0,163.0,724.0,0.25,0.3181223254383287,1.77840209586e+56,
478,3319.0,122.0,163.0,0.25,0.5308110399051642,7.47639024967,7.90096210912
479,3324.0,117.0,104.0,0.25,2.5642601926823567,0.0500839060843,0.0582553767363
480,3329.0,61.0,264.0,0.25,0.30375348116163836,4026851.78316,
481,3334.0,139.0,1083.0,0.25,1.9363359782020682,0.939655892606,1.4763661366
482,3344.0,103.0,726.0,0.25,1.4364119160251954,0.635168809711,0.7902993723
483,3349.0,105.0,491.0,0.25,0.10832820102348988,,
484,3354.0,66.0,158.0,0.25,1.2327757232319063,0.308792926281,0.473259414877
485,3359.0,170.0,707.0,0.25,0.31699329807717386,1.43532626708e+62,
486,3364.0,73.0,834.0,0.25,0.8856981656253605,4.38144435979,7.3498624935
487,3369.0,64.0,296.0,0.25,0.6295862186511223,3.75374059325,5.79973335603
488,3374.0,97.0,600.0,0.25,1.0693536387251819,1.31015983668,1.64119674991
489,3379.0,95.0,1027.0,0.25,0.8132575656044977,12.3139733474,14.7550697844
490,3384.0,168.0,868.0,0.25,1.0210534262506787,,
491,3399.0,87.0,841.0,0.25,1.5367962498873255,0.629450244061,0.860855797022
492,3404.0,81.0,860.0,0.25,0.5990157759704483,18.776396547,28.7178481383
493,3409.0,122.0,318.0,0.25,0.31586827767397296,,
494,340.0,166.0,212.0,0.25,0.5842917900333678,,
495,3418.0,128.0,989.0,0.25,0.5050367646923807,,
496,3423.0,119.0,1034.0,0.25,0.13079078227426427,2.25592920762e+72,
497,3428.0,84.0,732.0,0.25,0.4771093257218206,32.0936299485,1630.9050164
498,3433.0,65.0,1026.0,0.25,1.3049358486347375,2.00123694598,2.84867201326
499,3438.0,58.0,597.0,0.25,0.25338085285157236,4.69568984066e+24,
500,3443.0,126.0,489.0,0.25,1.0885332308922955,1.15109868122,1.27344394686
501,3448.0,141.0,339.0,0.25,1.6441959909404724,0.357331343825,0.523276850002
502,3453.0,137.0,220.0,0.25,0.37331652144746486,14873.9612107,
503,3458.0,152.0,169.0,0.25,0.5140949460324153,,
504,345.0,124.0,1192.0,0.25,1.0467836804585366,34.4987321453,32.8772684856
505,3463.0,162.0,1116.0,0.25,0.17756893468048418,,
506,3468.0,159.0,658.0,0.25,0.8337514235765584,,
507,3473.0,81.0,1048.0,0.25,0.45072621362403664,18480813415500.0,
508,3478.0,115.0,366.0,0.25,0.645451611230178,5.60031075729,6.732465793
509,3483.0,112.0,427.0,0.25,0.12311982246781013,1.47477498405e+57,
510,3488.0,92.0,465.0,0.25,1.2415728565919422,0.762216033064,1.0365713027
511,3493.0,87.0,316.0,0.25,0.32498143849374633,8885020.8067,
512,3498.0,101.0,280.0,0.25,3.151505265248231,0.0515427394815,0.0692079697081
513,349.0,162.0,442.0,0.25,0.3759805220136573,5.25532144942e+54,
514,3503.0,90.0,1158.0,0.25,0.10017792550299195,,
515,3508.0,127.0,926.0,0.25,2.743464742867305,0.228914666814,0.25334146571
516,3513.0,156.0,362.0,0.25,0.7628425115731908,20.3061901663,22.7802379836
517,3517.0,168.0,1175.0,0.25,0.7467418288553994,8.60602078265e+40,
518,3522.0,122.0,208.0,0.25,0.348931291246663,,
519,3527.0,77.0,590.0,0.25,0.32730051811227645,24489404092300.0,
520,3532.0,120.0,855.0,0.25,0.12095049229432116,8.23198398413e+69,
521,3537.0,126.0,819.0,0.25,0.9177542950339763,5.23807656824,5.58390354077
522,3547.0,152.0,918.0,0.25,0.30701066898822915,2.13830513916e+43,
523,354.0,71.0,788.0,0.25,0.25428331330546033,,
524,3552.0,84.0,293.0,0.25,0.46373018002639577,16.1934210784,24.6213252143
525,3557.0,75.0,629.0,0.25,2.956138735692077,0.0873200148335,0.150822706386
526,3562.0,56.0,973.0,0.25,0.3840871297582513,3.59958627896e+20,
527,3567.0,61.0,178.0,0.25,0.14244092012217138,3.50144560161e+43,
528,3572.0,108.0,897.0,0.25,0.804629420363489,8.98822654868,10.8763502621
529,3577.0,155.0,226.0,0.25,1.8162996119971517,1.01691210476,1.17841166797
530,3582.0,57.0,1050.0,0.25,0.21211451649824964,6.008138911e+49,
531,3587.0,133.0,185.0,0.25,1.1522501689906632,0.889104353445,1.23149343938
532,3592.0,123.0,490.0,0.25,2.782759381050368,0.103821664214,0.115472045264
533,3597.0,108.0,255.0,0.25,2.0207357807666924,0.146710207796,0.181060019052
534,3602.0,131.0,406.0,0.25,0.11589876917104291,4.50673723984e+59,
535,3607.0,96.0,667.0,0.25,2.4052978643475207,0.195238585615,0.254996784988
536,3612.0,81.0,772.0,0.25,1.1729165673788295,1.59269495657,2.40643695984
537,3616.0,76.0,648.0,0.25,2.123862926723133,0.188526579055,0.310281450935
538,3621.0,130.0,126.0,0.25,3.1966442667432955,0.0723548378185,0.089368093597
539,3626.0,54.0,721.0,0.25,0.631828600655331,18.5790894051,38.4784066724
540,3631.0,95.0,849.0,0.25,0.5422559862123958,2471.9346328,
541,3636.0,63.0,454.0,0.25,2.049678773956321,0.16309642959,0.26053962218
542,3641.0,169.0,151.0,0.25,0.24107758983689764,1.09263651662e+67,
543,3646.0,130.0,443.0,0.25,1.9640701132450331,0.267922709854,0.346329876931
544,3651.0,64.0,1077.0,0.25,0.17382113479459332,,
545,3656.0,168.0,102.0,0.25,1.268342711798325,23.9439726113,21.2136803826
546,3661.0,144.0,654.0,0.25,0.25609788847612924,5.21514495417e+35,
547,3666.0,162.0,646.0,0.25,1.9226161181554848,8.85116316889,8.620585864
548,3676.0,102.0,217.0,0.25,0.10270238056375482,,
549,3681.0,96.0,1109.0,0.25,2.431090184136304,0.545528955672,0.68199653719
550,3686.0,128.0,506.0,0.25,1.7281066345548386,0.386864454177,0.457331666818
551,3691.0,81.0,558.0,0.25,0.11714156664818488,1.07506990654e+59,
552,3696.0,107.0,505.0,0.25,0.7361972772204838,5.80041411298,7.05127715282
553,369.0,55.0,128.0,0.25,0.17444022932536254,27.5459959448,1.86151438081e+24
554,3701.0,97.0,327.0,0.25,0.9475956056056998,2.0294855649,2.72902395292
555,3706.0,90.0,472.0,0.25,0.2205744169242833,5.91822949001e+32,
556,3720.0,55.0,569.0,0.25,2.2402036721006424,0.229280940195,0.40124496092
557,3725.0,98.0,825.0,0.25,1.1604726690040155,2.66070499007,3.24969762859
558,3735.0,142.0,678.0,0.25,0.9714747437503252,5.60476099258,8.10243281692
559,3740.0,111.0,652.0,0.25,2.093872397960814,0.314436407562,0.399045317879
560,3745.0,60.0,844.0,0.25,0.24891636680490842,,
561,374.0,75.0,510.0,0.25,0.39798841940021534,1385481103280000.0,
562,3750.0,130.0,1019.0,0.25,1.765366763223573,1.35592021486,1.59035195218
563,3755.0,113.0,488.0,0.25,0.2003850432630033,1.28396535577e+38,
564,3765.0,117.0,776.0,0.25,0.43498285190950225,228924666883.0,
565,3770.0,149.0,1117.0,0.25,1.0283397014337268,24.2291017878,32.6721052005
566,3775.0,126.0,1170.0,0.25,0.2524815952616877,2.47922604425e+49,
567,3780.0,93.0,333.0,0.25,1.673685775616976,0.39789710272,0.53809398832
568,3785.0,142.0,332.0,0.25,1.100205713376917,2.14971796498,3.09758861249
569,3790.0,138.0,380.0,0.25,1.3095836070782048,1.16612812535,1.71828385641
570,3795.0,81.0,115.0,0.25,3.4567168464474936,0.0419617165223,0.0660949924223
571,379.0,51.0,766.0,0.25,0.2769335001222884,9.43948894626e+48,
572,3800.0,71.0,814.0,0.25,2.321283504487797,0.314552315045,0.5279692951
573,3805.0,112.0,798.0,0.25,1.3283407695839,1.71819067379,2.15146663205
574,3810.0,67.0,543.0,0.25,0.7820659246079164,4.80689752444,7.38714863366
575,3814.0,96.0,259.0,0.25,0.18796287443182738,,
576,3819.0,135.0,136.0,0.25,0.45233155427526817,37.2157689551,695165.296391
577,3824.0,139.0,325.0,0.25,2.666532240134203,0.177226007647,0.260363929168
578,3829.0,54.0,556.0,0.25,0.182692001391252,6.3175304628e+46,
579,3834.0,110.0,620.0,0.25,1.0174296716026847,3.07309033156,3.71945151409
580,3839.0,162.0,1021.0,0.25,0.36673880895563876,2.55163592496e+63,
581,3844.0,84.0,290.0,0.25,1.7466373452864377,0.27384166504,0.421162863565
582,3849.0,166.0,808.0,0.25,0.17693873626398154,,
583,384.0,134.0,462.0,0.25,0.4491265703834371,,
584,3854.0,102.0,777.0,0.25,0.4227850208528487,29358723572300.0,
585,3859.0,123.0,663.0,0.25,0.3331708777633291,7.38517887186e+21,
586,3864.0,92.0,893.0,0.25,0.6735851527054688,27.6766814962,35.5248988035
587,3869.0,82.0,952.0,0.25,0.6500575779071952,27.4136499597,40.0344270512
588,3874.0,125.0,1104.0,0.25,0.34400412113858453,,
589,3879.0,79.0,121.0,0.25,0.12803028996312274,1.60880209208e+51,
590,3884.0,143.0,368.0,0.25,0.1954595192995889,6.14001516917e+43,
591,3889.0,134.0,696.0,0.25,0.32382806789826446,4.07056276877e+26,
592,3894.0,153.0,120.0,0.25,1.6094933130294005,1.66442910639,2.03432957219
593,3899.0,146.0,1023.0,0.25,0.1636264183525315,1.06347734309e+74,
594,389.0,145.0,1088.0,0.25,2.4923529612171755,2.06012756411,2.96774230996
595,3904.0,97.0,432.0,0.25,0.2334856685704341,9.37524400435e+33,
596,3909.0,67.0,764.0,0.25,0.18399569830040047,1.37357582847e+49,
597,3913.0,55.0,1098.0,0.25,0.21061158440745253,,
598,3918.0,81.0,908.0,0.25,0.19133411771712508,,
599,3923.0,91.0,692.0,0.25,3.1180697998970373,0.183892394694,0.267802892672
600,3928.0,101.0,420.0,0.25,0.20470559405887045,9.13593980289e+39,
601,3933.0,64.0,1070.0,0.25,0.10910123509051226,,
602,3938.0,113.0,585.0,0.25,0.7232257269444721,10.5798333894,12.7522222813
603,3943.0,162.0,1132.0,0.25,0.4856666092574901,4.19392645038e+56,
604,3948.0,120.0,1095.0,0.25,0.4427845681960415,,
605,394.0,105.0,895.0,0.25,1.6916329244464476,2.0454925278,2.28434601646
606,3953.0,119.0,838.0,0.25,3.432224365861573,0.199725086379,0.232472729263
607,3958.0,88.0,596.0,0.25,0.11345259020029153,7.34801515358e+68,
608,3963.0,120.0,1142.0,0.25,1.1400255279513407,8.30078870061,8.73485945901
609,3968.0,112.0,779.0,0.25,0.4080176137006093,3459188273250000.0,
610,3973.0,70.0,1177.0,0.25,0.1545782318996204,1.40526173114e+73,
611,3978.0,112.0,479.0,0.25,0.48222543066900003,480.231772011,
612,3983.0,136.0,1030.0,0.25,0.3965759444527043,4.27230880664e+28,
613,3988.0,89.0,317.0,0.25,1.2284005586791564,1.11336040948,1.65317957831
614,3993.0,100.0,812.0,0.25,2.03515582637093,0.671555996721,0.888345048623
615,3998.0,62.0,1180.0,0.25,0.6011492759685123,,
616,4003.0,131.0,146.0,0.25,1.1982061075867936,1.43909053893,1.93426127531
617,4008.0,164.0,187.0,0.25,2.4571590783028197,5.9815145427,5.77313358714
618,4012.0,63.0,1073.0,0.25,0.11264872471568911,1.6359120258e+83,
619,4017.0,76.0,376.0,0.25,0.22293966489746062,3.27935840451e+32,
620,4027.0,118.0,1076.0,0.25,2.4659106823491546,0.663432588057,0.758518264129
621,4032.0,95.0,783.0,0.25,2.0569790652603093,0.693485413112,0.920305620015
622,4037.0,126.0,429.0,0.25,0.1513156776644607,5.68352067465e+54,
623,4042.0,65.0,246.0,0.25,0.59266059978111,13.3616721451,20.7406192151
624,4047.0,167.0,365.0,0.25,0.47541604788519015,1.04465086368e+45,
625,404.0,101.0,101.0,0.25,1.3715325363396924,0.00523224909592,0.00380123234999
626,4052.0,130.0,867.0,0.25,0.5863728479669182,213926.374238,
627,4057.0,66.0,769.0,0.25,0.23183131171721696,2.42108740112e+40,
628,4062.0,144.0,601.0,0.25,0.760135156574979,20.6710040582,29.4968309856
629,4067.0,162.0,127.0,0.25,2.695125809888734,3.96767039637,3.967202274
630,4072.0,103.0,355.0,0.25,0.1465505034647876,5.52646814325e+53,
631,4077.0,121.0,1041.0,0.25,0.19755545698043186,,
632,4087.0,106.0,207.0,0.25,0.31030278406074674,2.1604583169e+19,
633,4092.0,83.0,939.0,0.25,1.8292607935060081,0.996459056251,1.49911341281
634,4097.0,78.0,312.0,0.25,0.683232911048221,9.18620454247,15.2536667897
635,409.0,63.0,234.0,0.25,0.1707584644224151,,
636,4102.0,145.0,1094.0,0.25,1.6856292594911535,4.3146061943,6.29134749378
637,4107.0,90.0,1193.0,0.25,0.21286999964025083,,
638,4116.0,165.0,690.0,0.25,1.4831176784792346,,
639,4121.0,151.0,1009.0,0.25,0.5365029952723491,5.16470024657e+26,
640,4126.0,134.0,944.0,0.25,1.8687019316694877,1.59304338732,2.33793462845
641,4131.0,86.0,666.0,0.25,2.3967613773316097,0.313425751342,0.480274021824
642,4136.0,139.0,235.0,0.25,0.77102257039194,10.2820597539,14.8555661021
643,4141.0,145.0,995.0,0.25,0.19685432569085948,3.90477323873e+64,
644,4146.0,158.0,107.0,0.25,0.3577242599533253,4.40787910739e+39,
645,414.0,61.0,322.0,0.25,0.11966728453994727,9.6675034506e+63,
646,4151.0,155.0,899.0,0.25,2.101330092626299,4.61324559234,5.29775280771
647,4156.0,111.0,242.0,0.25,0.8190610018061165,6.37068444925,7.9783171793
648,4161.0,138.0,473.0,0.25,0.6954871626956715,19.6423322554,28.3232139206
649,4166.0,150.0,162.0,0.25,1.9157926856931324,1.14963713523,1.53865968043
650,4171.0,108.0,953.0,0.25,2.448438534008131,0.615690129991,0.794125373237
651,4181.0,68.0,820.0,0.25,1.1359795371152728,3.51377594192,5.24727690205
652,4186.0,106.0,272.0,0.25,0.2018149983762657,5.28919022507e+42,
653,4191.0,75.0,403.0,0.25,0.34035445632608047,1.81864173533e+16,
654,4196.0,53.0,202.0,0.25,0.8825547915747098,5.56695453389,10.0145062355
655,419.0,123.0,684.0,0.25,0.21745974162590795,9.4709477857e+55,
656,4201.0,77.0,483.0,0.25,0.42580203046861037,161271430.62,
657,4206.0,154.0,755.0,0.25,0.15512878944866712,,
658,4210.0,97.0,175.0,0.25,0.10756064426997615,,
659,4215.0,155.0,948.0,0.25,1.9294638534721669,6.99326237265,7.94169602656
660,4220.0,157.0,1173.0,0.25,0.336743512134712,1.62369583188e+63,
661,4225.0,141.0,816.0,0.25,1.4466622048223259,3.73794400368,5.44901200933
662,4230.0,85.0,689.0,0.25,0.15185461505301479,,
663,4235.0,147.0,471.0,0.25,0.31474725000789083,5.25925940979e+34,
664,4245.0,58.0,745.0,0.25,1.1440859292950893,4.21066462001,7.54746851478
665,4250.0,165.0,655.0,0.25,0.3994059251255767,5.25863240179e+59,
666,4255.0,69.0,1062.0,0.25,0.4720474993924118,1.82292625884e+19,
667,4265.0,165.0,762.0,0.25,0.40947084016468716,8.13947898983e+60,
668,4270.0,129.0,164.0,0.25,0.8983840180855152,5.43560998372,6.44220114094
669,4275.0,102.0,612.0,0.25,2.2164365367307313,0.550526609302,0.727291740028
670,4280.0,98.0,1015.0,0.25,0.250692643245961,1.52690965362e+50,
671,4285.0,100.0,1042.0,0.25,0.30160124348330425,3.03532315973e+42,
672,4290.0,69.0,781.0,0.25,1.0393667209243365,5.28363797979,8.15179430861
673,4295.0,135.0,110.0,0.25,3.0091591148134054,0.231361335053,0.317078794699
674,429.0,109.0,566.0,0.25,0.3452293522947994,3.13261627105e+29,
675,4300.0,160.0,508.0,0.25,1.759101414272012,9.61869391206,9.75308019941
676,4305.0,154.0,388.0,0.25,0.186631068195622,8.58731505369e+66,
677,4309.0,128.0,559.0,0.25,1.7779644860313666,1.02006699103,1.23308171294
678,4314.0,91.0,1060.0,0.25,2.208570325232422,1.42164504038,1.92931582113
679,4319.0,107.0,750.0,0.25,0.7029449614053985,28.1303138842,35.5092928498
680,4324.0,131.0,1061.0,0.25,0.19407459577404815,,
681,4329.0,51.0,999.0,0.25,0.6808080933321051,,
682,4334.0,133.0,955.0,0.25,0.14042954808016947,2.56270058097e+78,
683,4339.0,102.0,734.0,0.25,1.0655584649183523,6.26865870689,8.25680925686
684,4344.0,142.0,797.0,0.25,2.1163252622341404,1.42022578277,2.09771953754
685,4349.0,79.0,413.0,0.25,1.0846699880359194,2.82423109512,4.64139250349
686,434.0,57.0,967.0,0.25,1.2819433145799488,9.62513879393,19.4232412846
687,4354.0,76.0,858.0,0.25,3.185299263414598,0.327363770366,0.544133883581
688,4359.0,158.0,817.0,0.25,0.7206589733131881,,
689,4364.0,114.0,542.0,0.25,0.5500227172543067,,
690,4369.0,89.0,976.0,0.25,0.26161967751715653,,
691,4374.0,134.0,407.0,0.25,1.3330718887681055,2.60836300752,3.6921787011
692,4379.0,119.0,686.0,0.25,0.6251253012770763,73.1486776381,2335.801682
693,4384.0,65.0,336.0,0.25,0.9543576830515818,4.47772133142,6.99074754755
694,4389.0,61.0,853.0,0.25,0.5214583265710592,,
695,4394.0,67.0,358.0,0.25,0.978407223613145,3.94916062326,6.00611534988
696,4399.0,93.0,186.0,0.25,0.13552450128233923,,
697,439.0,101.0,1105.0,0.25,0.1872957875562916,,
698,4404.0,82.0,501.0,0.25,1.8357760274213102,0.70799131213,1.10682812084
699,4408.0,124.0,156.0,0.25,0.28900430446459785,1.79455814378e+28,
700,4413.0,102.0,1016.0,0.25,0.9645913837998366,16.8893824237,21.3567183677
701,4418.0,84.0,450.0,0.25,0.10491677164233344,9.48726001169e+75,
702,4423.0,88.0,740.0,0.25,0.10871403095643192,4.2416816728e+78,
703,4428.0,113.0,453.0,0.25,2.8226168362311523,0.328879171462,0.417056418477
704,4433.0,97.0,245.0,0.25,0.10233788619023845,,
705,4438.0,117.0,351.0,0.25,0.2237337037086365,2.68986924607e+43,
706,4443.0,52.0,635.0,0.25,0.7079612027652112,37.9988675893,25615187454200.0
707,4448.0,164.0,807.0,0.25,0.1788360731952568,,
708,444.0,94.0,299.0,0.25,3.1291753536719216,0.0266804570386,0.0243384699821
709,4453.0,52.0,1165.0,0.25,0.2368298831776234,,
710,4458.0,94.0,805.0,0.25,0.2984014462189423,1.6976977951e+39,
711,4463.0,95.0,763.0,0.25,1.4111028175507612,3.49154562645,4.80198275508
712,4468.0,118.0,757.0,0.25,0.16420920260837651,2.71278698184e+66,
713,4473.0,148.0,753.0,0.25,2.42246215926712,1.72300378147,2.42179467527
714,4478.0,65.0,665.0,0.25,1.4011044839009814,2.23160137199,3.39491459103
715,4483.0,74.0,800.0,0.25,0.125328061068312,4.70699817085e+72,
716,4488.0,165.0,616.0,0.25,1.1080568222214977,,
717,448.0,158.0,910.0,0.25,0.36935587072111986,,
718,4493.0,131.0,589.0,0.25,2.6382420299587723,0.577678565537,0.751964493989
719,4498.0,101.0,308.0,0.25,0.23851991002248482,,
720,4503.0,101.0,997.0,0.25,0.20543468902105372,1.175468435e+60,
721,4507.0,129.0,260.0,0.25,0.41829954082791965,1920715380160000.0,
722,4512.0,126.0,310.0,0.25,0.29418779521399985,3.61025218401e+32,
723,4517.0,134.0,447.0,0.25,2.73372808966388,0.545140291092,0.756089921231
724,4522.0,161.0,268.0,0.25,0.1481219834492828,,
725,4527.0,161.0,269.0,0.25,1.1481607924720767,,
726,4532.0,83.0,263.0,0.25,0.38682798978549027,410958708688000.0,
727,4537.0,120.0,857.0,0.25,0.6979642624980279,,
728,453.0,95.0,706.0,0.25,0.1659700391054752,3.83227628759e+71,
729,4542.0,66.0,341.0,0.25,0.16131589127277865,2.17860015872e+57,
730,4547.0,139.0,888.0,0.25,0.24193623005654305,4.30683017606e+55,
731,4557.0,77.0,891.0,0.25,2.8834759663319987,0.530239625232,0.86589385998
732,4562.0,159.0,1028.0,0.25,1.6618269169984705,70689.0655923,336273905.079
733,4567.0,55.0,1157.0,0.25,0.12667197006083053,,
734,4572.0,130.0,1153.0,0.25,2.3461749274402797,1.98096815239,2.44494299395
735,4577.0,169.0,592.0,0.25,2.8125992694546933,,
736,4582.0,148.0,476.0,0.25,2.763042209195316,1.08672105289,1.48371845373
737,4587.0,139.0,733.0,0.25,0.9924209476631912,16.9225141833,24.0097686562
738,458.0,112.0,1020.0,0.25,3.1627299053111977,0.374681395621,0.408948659168
739,4592.0,163.0,932.0,0.25,1.2371664707024015,,
740,4597.0,107.0,1036.0,0.25,1.2593559013001099,9.14246444179,11.7249605253
741,4602.0,111.0,878.0,0.25,0.4653818365901745,5.6042602579e+20,
742,4606.0,112.0,300.0,0.25,0.12052123472820324,2.00633176484e+74,
743,4611.0,114.0,966.0,0.25,1.104124289450405,12.8067056493,15.3584430472
744,4616.0,151.0,1181.0,0.25,3.312340613721367,3.2597878053,4.22453521804
745,4621.0,164.0,379.0,0.25,0.32613891702137615,,
746,4626.0,111.0,103.0,0.25,2.296656163692766,0.513812699493,0.644296305534
747,4636.0,138.0,468.0,0.25,3.2539782777937205,0.519313915293,0.716040602014
748,463.0,147.0,251.0,0.25,0.360276993562225,1.86739828727e+18,
749,4641.0,164.0,182.0,0.25,1.3236264413086638,,
750,4646.0,70.0,418.0,0.25,1.888740263938415,0.908480723406,1.46355280797
751,4651.0,139.0,796.0,0.25,0.5068355419194878,2.98488253234e+20,
752,4656.0,138.0,621.0,0.25,0.23767339444321972,1.57517935558e+51,
753,4661.0,121.0,457.0,0.25,1.4518147466000235,2.66869870704,3.09351892242
754,4666.0,136.0,602.0,0.25,0.1374656183521594,2.47311912735e+76,
755,4671.0,149.0,536.0,0.25,0.18997842462110923,,
756,4676.0,63.0,216.0,0.25,0.22774652139192897,,
757,4686.0,90.0,239.0,0.25,1.3521654738696973,2.59726295989,3.89288148077
758,468.0,133.0,236.0,0.25,1.784297019129281,0.110901295268,0.115309027018
759,4696.0,133.0,801.0,0.25,3.107003660124471,0.823965205431,1.11727505381
760,4705.0,113.0,1058.0,0.25,0.5480706672176386,6.53785877197e+20,
761,4710.0,132.0,662.0,0.25,0.10053472679678167,,
762,4720.0,72.0,822.0,0.25,0.483942961319561,1.01884853735e+18,
763,4725.0,116.0,669.0,0.25,0.24279792847428688,2.2984397589e+49,
764,4730.0,54.0,535.0,0.25,1.809853500567611,2.00870100472,3.40383074285
765,4735.0,115.0,134.0,0.25,0.14759629330203414,1.97175315468e+64,
766,473.0,130.0,1150.0,0.25,0.14499569588289035,,
767,4740.0,71.0,528.0,0.25,0.643160880680613,,
768,4745.0,72.0,389.0,0.25,0.10679852602060357,,
769,4750.0,107.0,436.0,0.25,0.6408782800146194,2113.08316489,
770,4755.0,115.0,1199.0,0.25,0.38136569002604614,,
771,4760.0,157.0,821.0,0.25,0.3827239909783277,1.39020388877e+56,
772,4765.0,52.0,1137.0,0.25,1.5313421057550267,10.4982365269,19.6619992011
773,4770.0,169.0,831.0,0.25,0.15903799055886586,3.08859992756e+114,
774,4775.0,156.0,1121.0,0.25,2.591757086057453,11.3039642616,12.9904238772
775,4780.0,154.0,851.0,0.25,1.6976579725099716,16.3914326412,19.5576631052
776,4785.0,64.0,608.0,0.25,0.6340789692972776,23648.7916505,
777,478.0,76.0,886.0,0.25,0.24540148203332265,6.10401652408e+57,
778,4790.0,158.0,250.0,0.25,0.40368880646807886,2.35250652393e+48,
779,4795.0,71.0,912.0,0.25,0.11426219209885659,,
780,4800.0,82.0,125.0,0.25,1.0769845860188572,4.75078159693,7.31982463305
781,4804.0,68.0,118.0,0.25,0.2749712947474668,8.56986119788e+34,
782,4809.0,51.0,990.0,0.25,1.426234255392452,12.9342853301,23.3236115037
783,4814.0,168.0,1127.0,0.25,0.8578061050492278,3.82444606559e+48,
784,4819.0,133.0,252.0,0.25,0.17820137765944133,,
785,4824.0,149.0,962.0,0.25,2.0716577442891735,6.08300731537,8.46332307723
786,4829.0,54.0,294.0,0.25,0.42128454189158254,,
787,4834.0,109.0,933.0,0.25,0.7904521185685008,23550.6003285,
788,4839.0,125.0,593.0,0.25,0.1414316585523908,9.76002998258e+74,
789,483.0,157.0,863.0,0.25,0.16246704746597437,,
790,4844.0,100.0,414.0,0.25,0.4319007918135039,3.39270892506e+21,
791,4849.0,99.0,279.0,0.25,0.11224893041571983,,
792,4854.0,141.0,314.0,0.25,0.5461255450754486,97371778613900.0,
793,4859.0,142.0,940.0,0.25,2.108814349182459,3.92241389511,5.57791316816
794,4864.0,166.0,872.0,0.25,0.10125214634218563,,
795,4869.0,141.0,504.0,0.25,2.3713332643373137,1.62762985666,2.1965104285
796,4874.0,144.0,588.0,0.25,0.4051266151241579,3.87286950006e+33,
797,4879.0,143.0,130.0,0.25,3.173994523903132,0.730006978996,0.964503945139
798,4884.0,160.0,1004.0,0.25,1.3961319146354287,237063470194.0,1.96272019059e+21
799,4889.0,87.0,143.0,0.25,0.1434573838200092,1.07656647199e+68,
800,488.0,75.0,286.0,0.25,0.3476929217784474,57322374112400.0,5.43402344542e+28
801,4894.0,58.0,142.0,0.25,1.024690087537938,8.25323765401,13.9480257737
802,4899.0,68.0,578.0,0.25,0.8487053281539181,20.2254308667,30.9803689908
803,4903.0,109.0,1128.0,0.25,1.3813198434730427,11.8117256085,14.8259958406
804,4908.0,145.0,561.0,0.25,0.5884613179541661,4.00710436437e+18,
805,4913.0,80.0,767.0,0.25,0.921023038304563,18.6104783785,29.5907460282
806,4918.0,160.0,179.0,0.25,0.6570282293092634,3.86571201861e+30,
807,4923.0,96.0,538.0,0.25,0.8074952495046438,,
808,4928.0,158.0,861.0,0.25,0.6664388428824426,,
809,4933.0,83.0,1122.0,0.25,2.1390188914722104,2.83829122166,4.35322240684
810,4938.0,104.0,876.0,0.25,0.46208438525005735,3.16447994823e+27,
811,493.0,98.0,192.0,0.25,0.44753260433315806,0.905532378633,0.680308821423
812,4943.0,148.0,577.0,0.25,1.4778540414914558,9.90423162204,13.8429146975
813,4948.0,156.0,1154.0,0.25,0.42731859925965554,,
814,4953.0,80.0,328.0,0.25,0.8426918478208852,16.4982797219,25.7717595137
815,4958.0,146.0,160.0,0.25,0.845693242989121,39.128326353,116657.410142
816,4963.0,97.0,743.0,0.25,2.248182551325228,1.93227915692,2.63942179322
817,4968.0,90.0,641.0,0.25,2.3048361083909747,1.47205773253,2.23715588025
818,4973.0,80.0,580.0,0.25,0.2471526761260632,1.38923018503e+46,
819,4978.0,77.0,106.0,0.25,1.7906521066571366,1.43971041077,2.29855689318
820,4983.0,160.0,774.0,0.25,0.5086407258079292,2.25487948026e+50,
821,4988.0,149.0,435.0,0.25,1.4673827437173121,10.8287984249,14.5590537895
822,498.0,86.0,1037.0,0.25,0.20837712952309395,,
823,4993.0,73.0,565.0,0.25,0.8608613323017937,22.4984506804,36.6263004745
824,4998.0,92.0,459.0,0.25,0.15348297171141664,,
825,503.0,165.0,289.0,0.25,0.26536685545933125,3.27210802655e+69,
826,508.0,99.0,229.0,0.25,1.740438467700195,,
827,513.0,119.0,330.0,0.25,0.8670044707511,4.92046935287,4.1539676956
828,518.0,143.0,722.0,0.25,0.41533568991448555,,
829,523.0,156.0,685.0,0.25,0.9995029004153091,,
830,528.0,147.0,945.0,0.25,3.4200432804462686,0.627627183377,0.845798908484
831,52.0,69.0,1053.0,0.25,0.3526729265682361,1.70642321718e+60,
832,533.0,163.0,437.0,0.25,0.7440916157484287,4.71435694795e+31,
833,538.0,89.0,987.0,0.25,0.4670393758191801,,
834,543.0,91.0,409.0,0.25,0.25518898803091483,1.53209992774e+42,
835,547.0,51.0,109.0,0.25,0.23265701969176675,6.98515621753,14.1379262532
836,552.0,63.0,398.0,0.25,0.27399541191725574,1.44290654683e+35,
837,557.0,145.0,598.0,0.25,0.1719770031684092,1.04241789905e+77,
838,562.0,90.0,1045.0,0.25,1.4161287083190572,14.9804588564,16.347353037
839,567.0,156.0,205.0,0.25,1.4415279495972562,0.0613683381741,0.0549663614362
840,572.0,167.0,493.0,0.25,2.256189848730927,13.5598200402,11.233949499
841,577.0,166.0,119.0,0.25,1.6796469017546878,0.147357850484,0.0929333659149
842,57.0,170.0,354.0,0.25,2.362917318885623,,
843,582.0,95.0,425.0,0.25,0.43653211981017376,,
844,587.0,86.0,1131.0,0.25,0.35142127790420274,3.21191765789e+56,
845,592.0,92.0,700.0,0.25,0.9680269455964118,21.7945907136,22.8628387066
846,597.0,72.0,789.0,0.25,1.8620698425578834,2.06127071321,3.05242442413
847,602.0,53.0,679.0,0.25,0.22937172902963016,1.88520396042e+62,
848,607.0,70.0,464.0,0.25,0.5270499915846951,14688737.3971,
849,617.0,136.0,360.0,0.25,0.19338581818375472,1.86201964222e+53,
850,622.0,70.0,778.0,0.25,0.27791984747018184,5.46813485468e+53,
851,627.0,163.0,1194.0,0.25,0.10717890774709328,,
852,62.0,117.0,1097.0,0.25,1.2728601373515722,7.66998714934e+98,
853,632.0,61.0,1146.0,0.25,0.7335844870994371,,
854,637.0,83.0,378.0,0.25,0.6523728722564299,18.5812188863,21.7157044056
855,642.0,128.0,929.0,0.25,0.6617168071629778,5.64319110159e+21,
856,646.0,100.0,338.0,0.25,0.2393694406158098,2.97572400549e+31,
857,651.0,90.0,703.0,0.25,0.7414508083413152,117171420.958,
858,656.0,144.0,241.0,0.25,1.0731623297107469,0.0806371781878,0.0813230780618
859,661.0,57.0,458.0,0.25,1.6500520840255088,0.895848893225,1.81092723681
860,671.0,58.0,527.0,0.25,1.9501537436796534,0.691199982676,1.25129837522
861,676.0,140.0,775.0,0.25,0.11066389178925529,,
862,67.0,59.0,424.0,0.25,1.9780857905406406,0.00859893206415,0.0180379385421
863,681.0,157.0,688.0,0.25,0.4571819639776817,8.30277627099e+53,
864,686.0,100.0,224.0,0.25,0.607595477329433,0.219500392757,0.180504624447
865,691.0,168.0,610.0,0.25,1.2153680104648132,,
866,696.0,146.0,833.0,0.25,0.9047949198145856,46750434956000.0,
867,701.0,152.0,321.0,0.25,0.39516848242863545,30.3856865334,31.9157986654
868,706.0,109.0,994.0,0.25,2.628878815877307,1.3943271699,1.58811123971
869,711.0,70.0,959.0,0.25,2.9666675435129704,0.671198983036,0.980168688813
870,716.0,124.0,206.0,0.25,0.6032903748019067,0.254673282838,0.177497961773
871,721.0,146.0,417.0,0.25,0.5014583393529966,1.41624688665e+18,
872,726.0,156.0,502.0,0.25,0.22214844415805132,,
873,72.0,122.0,222.0,0.25,2.998479502906221,,
874,731.0,147.0,449.0,0.25,0.14707246884767236,,
875,736.0,116.0,765.0,0.25,2.519078784058112,0.779317108948,0.818380020867
876,741.0,98.0,988.0,0.25,1.5755230756916159,11.8648347011,13.6440426153
877,745.0,52.0,599.0,0.25,0.7130132402097266,27933180343.0,
878,750.0,79.0,148.0,0.25,1.3473665908780552,0.0085738844494,0.010418032531
879,755.0,54.0,964.0,0.25,0.6711945752242305,3.44569868692e+27,
880,760.0,135.0,619.0,0.25,3.0198767640359634,0.318575227604,0.468825321099
881,765.0,151.0,1186.0,0.25,0.10987978555735603,,
882,770.0,120.0,633.0,0.25,0.33914652634771875,,
883,775.0,124.0,337.0,0.25,1.2504327666224593,0.0671236645126,0.0556158036333
884,77.0,67.0,1163.0,0.25,1.3764174905946707,0.428439299027,0.597762221375
885,780.0,74.0,879.0,0.25,0.41978938818310957,,
886,785.0,93.0,668.0,0.25,0.7960928142528222,2407952.11663,547592411230.0
887,790.0,120.0,1129.0,0.25,3.4079054261330346,0.99014050829,0.952380294925
888,795.0,156.0,271.0,0.25,0.4588102979187722,6.73098035939,6.60844883786
889,800.0,132.0,446.0,0.25,0.46870281866555896,8336480134530000.0,
890,805.0,136.0,854.0,0.25,0.7283866926006254,2.66989102113e+22,
891,810.0,103.0,570.0,0.25,1.1646058964354018,7.29687153439,8.2466215863
892,815.0,105.0,545.0,0.25,0.3615601834144827,1.46987259731e+32,
893,820.0,153.0,691.0,0.25,1.5422698199128364,19.054751885,21.1971397224
894,82.0,142.0,790.0,0.25,0.13219326873211434,,
895,830.0,89.0,946.0,0.25,0.17947302931080775,1.54216365044e+88,
896,835.0,93.0,237.0,0.25,0.9509706339502367,0.068855025923,0.0486516826738
897,840.0,148.0,770.0,0.25,2.413864755562723,2.76156593589,3.66553270635
898,844.0,90.0,1099.0,0.25,0.1497103146167032,,
899,849.0,58.0,709.0,0.25,0.7309809698627493,195607213380.0,
900,854.0,159.0,411.0,0.25,0.3059210772880032,,
901,859.0,114.0,756.0,0.25,0.830792410346906,,
902,864.0,157.0,329.0,0.25,2.9247759848947124,0.0176179493877,0.0179769085808
903,869.0,56.0,622.0,0.25,1.0924102333672963,16.6839093408,37.2758658435
904,874.0,114.0,1012.0,0.25,1.2240409217398251,6762.3757714,88893143.4513
905,879.0,149.0,739.0,0.25,0.19896522006085943,,
906,87.0,50.0,708.0,0.25,0.1154874403485908,,
907,884.0,116.0,233.0,0.25,1.1319479056434865,0.0286538811553,0.0238795355089
908,889.0,83.0,480.0,0.25,0.1982590854723568,,
909,894.0,122.0,174.0,0.25,0.9243034237789793,0.046676012634,0.0359772315605
910,899.0,63.0,230.0,0.25,1.006635390245369,0.0391149355976,0.0594349017064
911,904.0,86.0,546.0,0.25,0.3136302009085624,2.04096975542e+39,
912,909.0,104.0,349.0,0.25,1.2196967573058675,0.0439283757981,0.044669848931
913,914.0,54.0,176.0,0.25,0.23598936556328054,8.82250984062,21.4727393466
914,919.0,80.0,373.0,0.25,0.16894682577989825,3769055976710000.0,
915,929.0,50.0,1179.0,0.25,0.8639274412833546,3.94654939091e+39,
916,92.0,73.0,568.0,0.25,1.061776760317315,0.237703336532,0.398254189674
917,939.0,145.0,963.0,0.25,1.7219735231150257,20.9514622892,29.7512670253
918,943.0,65.0,215.0,0.25,0.4443616232808741,0.757585205306,0.901002714622
919,958.0,84.0,810.0,0.25,0.28593815270695155,2.80656938658e+59,
920,963.0,139.0,687.0,0.25,0.13032660117169304,,
921,968.0,161.0,806.0,0.25,0.290033644104304,,
922,973.0,89.0,869.0,0.25,0.5822181178478749,,
923,978.0,62.0,1114.0,0.25,1.2459949365995084,36201.9446892,
924,97.0,125.0,200.0,0.25,0.3719916079365863,,
925,983.0,104.0,698.0,0.25,1.366664918959781,7.4261562948,8.6608656792
926,988.0,132.0,920.0,0.25,0.13844657811172814,,
927,993.0,59.0,141.0,0.25,1.043068608230205,0.0304346000581,0.054737440648
928,998.0,146.0,1066.0,0.25,0.5384138450116912,,
